"rgn_id","value"
2,0.632020315255228
4,0.632020315255228
3,0.632020315255228
1,0.632020315255228
