"rgn_id","pressure_score"
2,0.872804
4,0.872804
3,0.872804
1,0.872804
