"rgn_id","pressure_score"
2,0.279759547754284
4,0.279759547754284
3,0.279759547754284
1,0.279759547754284
