"rgn_id","pressure_score"
2,0.104153354632588
4,0.104153354632588
3,0.104153354632588
1,0.104153354632588
