"rgn_id","pressure_score"
2,0.878566979187068
4,0.878566979187068
3,0.878566979187068
1,0.878566979187068
