"rgn_id","trend"
2,-0.0187681122142771
4,-0.0187681122142771
3,-0.0187681122142771
1,-0.0187681122142771
