"rgn_id","trend"
2,0.00171913688316568
4,0.00171913688316568
3,0.00171913688316568
1,0.00171913688316568
