"rgn_id","trend.score"
2,"-0.0125462466453564"
4,"-0.0125462466453564"
3,"-0.0125462466453564"
1,"-0.0125462466453564"
