"rgn_id","saup_id","prop_area"
2,710,0.3002315996743
4,710,0.213516900325579
3,710,0.0855595108614996
1,710,0.400691989138621
