"rgn_id","resilience.score"
2,0.770917429125605
4,0.770917429125605
3,0.770917429125605
1,0.770917429125605
