"rgn_id","resilience.score"
2,0.819920011454501
4,0.819920011454501
3,0.819920011454501
1,0.819920011454501
