"rgn_id","resilience.score"
2,0.817216467082397
4,0.817216467082397
3,0.817216467082397
1,0.817216467082397
