"rgn_id","pressure_score"
2,0.0141922793338809
4,0.0141922793338809
3,0.0141922793338809
1,0.0141922793338809
