"rgn_id","pressure_score"
2,0.0922901446912491
4,0.0922901446912491
3,0.0922901446912491
1,0.0922901446912491
