"rgn_id","pressure_score"
2,0.0121691779696022
4,0.0121691779696022
3,0.0121691779696022
1,0.0121691779696022
