"rgn_id","w_fis"
2,0.998968825223279
4,0.998968825223279
3,0.998968825223279
1,0.998968825223279
