"rgn_id","habitat","trend"
2,"coral",0.222089285714203
4,"coral",0.222089285714203
3,"coral",0.222089285714203
1,"coral",0.222089285714203
2,"soft_bottom",-0.000620837856937821
4,"soft_bottom",-0.000620837856937821
3,"soft_bottom",-0.000620837856937821
1,"soft_bottom",-0.000620837856937821
2,"mangrove",-0.714285714285714
4,"mangrove",-0.714285714285714
3,"mangrove",-0.714285714285714
1,"mangrove",-0.714285714285714
