"rgn_id","resilience.score"
2,0.913869859554137
4,0.913869859554137
3,0.913869859554137
1,0.913869859554137
