"rgn_id","pressure_score"
1,0.0355587566976013
2,0.0226738573242967
3,0.00014781291867295
4,0.0530995730594291
