"rgn_id","pressure_score"
2,0.11148
4,0.11148
3,0.11148
1,0.11148
