"rgn_id","pressures.score"
2,0.0213276
4,0.0213276
3,0.0213276
1,0.0213276
