"rgn_id","score"
2,0.624285714285714
4,0.624285714285714
3,0.624285714285714
1,0.624285714285714
