"rgn_id","resilience.score"
2,0.532727826057
4,0.532727826057
3,0.532727826057
1,0.532727826057
