"rgn_id","resilience.score"
2,0.5857142857
4,0.5857142857
3,0.5857142857
1,0.5857142857
