"rgn_id","pressure_score"
2,0.212406127646939
4,0.212406127646939
3,0.212406127646939
1,0.212406127646939
