"rgn_id","pressure_score"
2,0.0431152907535095
4,0.0431152907535095
3,0.0431152907535095
1,0.0431152907535095
