"rgn_id","pressure_score"
2,0.124098
4,0.124098
3,0.124098
1,0.124098
