"rgn_id","pressure_score"
2,0.00397778
4,0.00397778
3,0.00397778
1,0.00397778
