"rgn_id","pressure_score"
2,0.462771508662991
4,0.462771508662991
3,0.462771508662991
1,0.462771508662991
