"rgn_id","pressure_score"
2,0.601373889532366
4,0.601373889532366
3,0.601373889532366
1,0.601373889532366
