"rgn_id","area_km2"
2,1067081.80295
4,1067081.80295
3,1067081.80295
1,1067081.80295
