"rgn_id","area_km2"
2,2598.79429622252
4,2598.79429622252
3,2598.79429622252
1,2598.79429622252
