"rgn_id","area_km2"
2,15742.9649100469
4,15742.9649100469
3,15742.9649100469
1,15742.9649100469
