"rgn_id","pressures.score"
2,0.0373280915834494
4,0.0373280915834494
3,0.0373280915834494
1,0.0373280915834494
