"rgn_id","pressures.score"
2,0.596735829
4,0.596735829
3,0.596735829
1,0.596735829
