"rgn_id","score"
2,0.809627207503817
4,0.809627207503817
3,0.809627207503817
1,0.809627207503817
