"rgn_id","score"
2,0.810753127425012
4,0.810753127425012
3,0.810753127425012
1,0.810753127425012
