"rgn_id","score"
2,-0.222712156145018
4,-0.222712156145018
3,-0.222712156145018
1,-0.222712156145018
