"rgn_id","score"
2,0.460449626846601
4,0.460449626846601
3,0.460449626846601
1,0.460449626846601
