"rgn_id","resilience.score"
2,0.722222222222167
4,0.722222222222167
3,0.722222222222167
1,0.722222222222167
