"rgn_id","score"
2,0.539550373153399
4,0.539550373153399
3,0.539550373153399
1,0.539550373153399
